{
  "panda_link0_2d_px": 3.206895589828491,
  "panda_link2_2d_px": 2.026747465133667,
  "panda_link3_2d_px": 4.423908233642578,
  "panda_link4_2d_px": 3.2531094551086426,
  "panda_link6_2d_px": 4.97032356262207,
  "panda_link7_2d_px": 5.131161689758301,
  "panda_hand_2d_px": 22.036495208740234,
  "mean_2d_px": 6.435520172119141,
  "max_2d_px": 22.036495208740234,
  "median_2d_px": 4.423908233642578,
  "panda_link0_3d_m": 94.7006607055664,
  "panda_link2_3d_m": 78.43904876708984,
  "panda_link3_3d_m": 87.41836547851562,
  "panda_link4_3d_m": 84.78055572509766,
  "panda_link6_3d_m": 75.33634948730469,
  "panda_link7_3d_m": 75.30269622802734,
  "panda_hand_3d_m": 75.13949584960938,
  "mean_3d_m": 81.58817291259766,
  "max_3d_m": 94.7006607055664,
  "median_3d_m": 78.43904876708984,
  "mean_2d_norm": 0.8044400215148927,
  "json_path": "/data/public/NAS/DINObotPose2/Dataset/Converted_dataset/DREAM_to_DREAM/panda-3cam_azure/003000.json",
  "image_path": "/data/public/NAS/DINObotPose2/Dataset/DREAM_real/panda-3cam_azure/panda-3cam_azure/003000.rgb.jpg"
}