{
  "panda_link0_2d_px": 2.2363715171813965,
  "panda_link2_2d_px": 1.4000179767608643,
  "panda_link3_2d_px": 5.861841678619385,
  "panda_link4_2d_px": 6.681509971618652,
  "panda_link6_2d_px": 2.72499418258667,
  "panda_link7_2d_px": 1.788582444190979,
  "panda_hand_2d_px": 1.7805427312850952,
  "mean_2d_px": 3.2105515003204346,
  "max_2d_px": 6.681509971618652,
  "median_2d_px": 2.2363715171813965,
  "panda_link0_3d_m": 0.25724485768763405,
  "panda_link2_3d_m": 0.035724613212026725,
  "panda_link3_3d_m": 0.04200329575939692,
  "panda_link4_3d_m": 0.09413877771537164,
  "panda_link6_3d_m": 0.5261809142297279,
  "panda_link7_3d_m": 0.6222255305965997,
  "panda_hand_3d_m": 0.611433703870342,
  "mean_3d_m": 0.3127073847244427,
  "max_3d_m": 0.6222255305965997,
  "median_3d_m": 0.25724485768763405,
  "mean_2d_norm": 0.4013189375400543,
  "json_path": "/home/najo/NAS/DIP/2025_ICRA_Multi_View_Robot_Pose_Estimation/dataset/Converted_dataset/DREAM_to_DREAM/panda-3cam_azure/000000.json",
  "image_path": "/home/najo/NAS/DIP/2025_ICRA_Multi_View_Robot_Pose_Estimation/dataset/DREAM_real/panda-3cam_azure/panda-3cam_azure/000000.rgb.jpg"
}