{
  "panda_link0_2d_px": 3.206895589828491,
  "panda_link2_2d_px": 2.5664429664611816,
  "panda_link3_2d_px": 6.5697503089904785,
  "panda_link4_2d_px": 3.910586357116699,
  "panda_link6_2d_px": 2.4425132274627686,
  "panda_link7_2d_px": 0.9902666211128235,
  "panda_hand_2d_px": 1.3983114957809448,
  "mean_2d_px": 3.0121092796325684,
  "max_2d_px": 6.5697503089904785,
  "median_2d_px": 2.5664429664611816,
  "panda_link0_3d_m": 0.02535001406888253,
  "panda_link2_3d_m": 0.03269017352917421,
  "panda_link3_3d_m": 0.03135399407995508,
  "panda_link4_3d_m": 0.03211848358918859,
  "panda_link6_3d_m": 0.034912023736595986,
  "panda_link7_3d_m": 0.035589564992563924,
  "panda_hand_3d_m": 0.03551650567123946,
  "mean_3d_m": 0.03250439423822853,
  "max_3d_m": 0.035589564992563924,
  "median_3d_m": 0.03269017352917421,
  "mean_2d_norm": 0.37651365995407104,
  "json_path": "/data/public/NAS/DINObotPose2/Dataset/Converted_dataset/DREAM_to_DREAM/panda-3cam_azure/000000.json",
  "image_path": "/data/public/NAS/DINObotPose2/Dataset/DREAM_real/panda-3cam_azure/panda-3cam_azure/000000.rgb.jpg",
  "ignored_keypoints": {
    "low_peak_logit": [],
    "low_conf": [],
    "reproj_outlier": [],
    "pnp_select": []
  },
  "pnp": {
    "mode": "epnp",
    "reproj_outlier_thresh_px": 12.0,
    "min_span_px": 20.0,
    "min_area_ratio": 0.001,
    "used_keypoints": [
      0,
      1,
      2,
      3,
      4,
      5,
      6
    ],
    "removed_reproj_keypoints": [],
    "spread_ok": true,
    "spread_span_xy_px": [
      176.25,
      232.5
    ],
    "spread_area_ratio": 0.1312159805481915
  },
  "heatmap_peak": {
    "panda_link0": {
      "peak_logit": 0.8371498584747314,
      "peak_sigmoid": 0.6978645920753479
    },
    "panda_link2": {
      "peak_logit": 0.9054335355758667,
      "peak_sigmoid": 0.7120648622512817
    },
    "panda_link3": {
      "peak_logit": 0.8578594923019409,
      "peak_sigmoid": 0.7022132873535156
    },
    "panda_link4": {
      "peak_logit": 0.9059948325157166,
      "peak_sigmoid": 0.7121798992156982
    },
    "panda_link6": {
      "peak_logit": 0.9846941232681274,
      "peak_sigmoid": 0.7280386090278625
    },
    "panda_link7": {
      "peak_logit": 0.9598841667175293,
      "peak_sigmoid": 0.723098635673523
    },
    "panda_hand": {
      "peak_logit": 0.9519555568695068,
      "peak_sigmoid": 0.721508264541626
    }
  }
}