{
  "panda_link0_2d_px": 5.637109756469727,
  "panda_link2_2d_px": 1.4000179767608643,
  "panda_link3_2d_px": 6.0901947021484375,
  "panda_link4_2d_px": 6.681509971618652,
  "panda_link6_2d_px": 2.052177906036377,
  "panda_link7_2d_px": 0.2629346251487732,
  "panda_hand_2d_px": 1.3983114957809448,
  "mean_2d_px": 3.3603222370147705,
  "max_2d_px": 6.681509971618652,
  "median_2d_px": 2.052177906036377,
  "panda_link0_3d_m": 0.22593916699116545,
  "panda_link2_3d_m": 0.050744171323198986,
  "panda_link3_3d_m": 0.04117830559821629,
  "panda_link4_3d_m": 0.07034824704384009,
  "panda_link6_3d_m": 0.4738370920163892,
  "panda_link7_3d_m": 0.5588544716129838,
  "panda_hand_3d_m": 0.536878657729439,
  "mean_3d_m": 0.27968287318789037,
  "max_3d_m": 0.5588544716129838,
  "median_3d_m": 0.22593916699116545,
  "mean_2d_norm": 0.4200402796268463,
  "json_path": "/data/public/NAS/DINObotPose2/Dataset/Converted_dataset/DREAM_to_DREAM/panda-3cam_azure/000000.json",
  "image_path": "/data/public/NAS/DINObotPose2/Dataset/DREAM_real/panda-3cam_azure/panda-3cam_azure/000000.rgb.jpg"
}