{
  "panda_link0_2d_px": 7.199051856994629,
  "panda_link2_2d_px": 2.5664429664611816,
  "panda_link3_2d_px": 3.847694158554077,
  "panda_link4_2d_px": 5.202584743499756,
  "panda_link6_2d_px": 2.5563411712646484,
  "panda_link7_2d_px": 2.422025680541992,
  "panda_hand_2d_px": 4.820984840393066,
  "mean_2d_px": 4.0878753662109375,
  "max_2d_px": 7.199051856994629,
  "median_2d_px": 3.847694158554077,
  "panda_link0_3d_m": 0.39677712321281433,
  "panda_link2_3d_m": 0.18224182724952698,
  "panda_link3_3d_m": 0.2670893371105194,
  "panda_link4_3d_m": 0.21913975477218628,
  "panda_link6_3d_m": 0.06412158161401749,
  "panda_link7_3d_m": 0.04717855900526047,
  "panda_hand_3d_m": 0.03238264098763466,
  "mean_3d_m": 0.17270438373088837,
  "max_3d_m": 0.39677712321281433,
  "median_3d_m": 0.18224182724952698,
  "mean_2d_norm": 0.5109844207763672,
  "json_path": "/data/public/NAS/DINObotPose2/Dataset/Converted_dataset/DREAM_to_DREAM/panda-3cam_azure/000006.json",
  "image_path": "/data/public/NAS/DINObotPose2/Dataset/DREAM_real/panda-3cam_azure/panda-3cam_azure/000006.rgb.jpg"
}