{
  "panda_link0_2d_px": 0.6957370042800903,
  "panda_link2_2d_px": 0.26196956634521484,
  "panda_link3_2d_px": 0.0997692421078682,
  "panda_link4_2d_px": 0.3803120255470276,
  "panda_link6_2d_px": 0.3192458748817444,
  "panda_link7_2d_px": 0.9567935466766357,
  "panda_hand_2d_px": 0.47468820214271545,
  "mean_2d_px": 0.4555022120475769,
  "max_2d_px": 0.9567935466766357,
  "median_2d_px": 0.3803120255470276,
  "panda_link0_3d_m": 0.03338045500036117,
  "panda_link2_3d_m": 0.037140402755093394,
  "panda_link3_3d_m": 0.026269264082717982,
  "panda_link4_3d_m": 0.03666929755346637,
  "panda_link6_3d_m": 0.036429333478299845,
  "panda_link7_3d_m": 0.04321889005810666,
  "panda_hand_3d_m": 0.03953991246240142,
  "mean_3d_m": 0.03609250791292098,
  "max_3d_m": 0.04321889005810666,
  "median_3d_m": 0.03666929755346637,
  "mean_2d_norm": 0.05693777650594711,
  "json_path": "/data/public/NAS/DINObotPose2/Dataset/Converted_dataset/DREAM_to_DREAM/panda-3cam_azure/000000.json",
  "image_path": "/data/public/NAS/DINObotPose2/Dataset/DREAM_real/panda-3cam_azure/panda-3cam_azure/000000.rgb.jpg"
}