{
  "panda_link0_2d_px": 4.075594902038574,
  "panda_link2_2d_px": 1.6143501996994019,
  "panda_link3_2d_px": 4.785961627960205,
  "panda_link4_2d_px": 5.090710639953613,
  "panda_link6_2d_px": 1.9558472633361816,
  "panda_link7_2d_px": 0.9570788145065308,
  "panda_hand_2d_px": 1.7799851894378662,
  "mean_2d_px": 2.8942184448242188,
  "max_2d_px": 5.090710639953613,
  "median_2d_px": 1.9558472633361816,
  "panda_link0_3d_m": 0.7400378156157554,
  "panda_link2_3d_m": 0.7608794402411305,
  "panda_link3_3d_m": 0.5584008319000361,
  "panda_link4_3d_m": 0.5898280432249233,
  "panda_link6_3d_m": 0.7738073053650154,
  "panda_link7_3d_m": 0.8208559738180812,
  "panda_hand_3d_m": 0.8024176655077513,
  "mean_3d_m": 0.7208895822389562,
  "max_3d_m": 0.8208559738180812,
  "median_3d_m": 0.7608794402411305,
  "mean_2d_norm": 0.36177730560302734,
  "json_path": "/data/public/NAS/DINObotPose2/Dataset/Converted_dataset/DREAM_to_DREAM/panda-3cam_azure/000006.json",
  "image_path": "/data/public/NAS/DINObotPose2/Dataset/DREAM_real/panda-3cam_azure/panda-3cam_azure/000006.rgb.jpg"
}