{
  "panda_link0_2d_px": 0.6385577917098999,
  "panda_link2_2d_px": 0.26196956634521484,
  "panda_link3_2d_px": 0.9501349329948425,
  "panda_link4_2d_px": 0.13752833008766174,
  "panda_link6_2d_px": null,
  "panda_link7_2d_px": null,
  "panda_hand_2d_px": null,
  "mean_2d_px": 0.49704763293266296,
  "max_2d_px": 0.9501349329948425,
  "median_2d_px": 0.4502636790275574,
  "panda_link0_3d_m": 2.825092901440903,
  "panda_link2_3d_m": 2.9813650033836425,
  "panda_link3_3d_m": 3.0345893868209712,
  "panda_link4_3d_m": 3.105440675424489,
  "panda_link6_3d_m": null,
  "panda_link7_3d_m": null,
  "panda_hand_3d_m": null,
  "mean_3d_m": 2.9866219917675014,
  "max_3d_m": 3.105440675424489,
  "median_3d_m": 3.007977195102307,
  "mean_2d_norm": 0.06213095411658287,
  "json_path": "/data/public/NAS/DINObotPose2/Dataset/Converted_dataset/DREAM_to_DREAM/panda-3cam_azure/002865.json",
  "image_path": "/data/public/NAS/DINObotPose2/Dataset/DREAM_real/panda-3cam_azure/panda-3cam_azure/002865.rgb.jpg"
}