{
  "json_path": "/data/public/NAS/DINObotPose2/Dataset/Converted_dataset/DREAM_to_DREAM/panda-3cam_azure/000300.json",
  "image_path": "/data/public/NAS/DINObotPose2/Dataset/DREAM_real/panda-3cam_azure/panda-3cam_azure/000300.rgb.jpg",
  "model_path": "/data/public/NAS/DINObotPose2/Train/outputs/dinov3_base_20260302_152637/epoch_12.pth",
  "pred_3d_source": "fk",
  "mean_3d_error_m_valid_gt": 0.02106165907470659,
  "median_3d_error_m_valid_gt": 0.02248269637346881,
  "pnp_rmat": [
    [
      0.8620143234749067,
      0.5064062908742292,
      -0.02199942469939767
    ],
    [
      0.02516810582990292,
      -0.08610869794568429,
      -0.9959677999749961
    ],
    [
      -0.5062587012319232,
      0.857984825449206,
      -0.08697221812660534
    ]
  ],
  "pnp_tvec": [
    -0.1891373756867941,
    0.3994362880863167,
    1.018522076347152
  ],
  "per_keypoint": [
    {
      "name": "panda_link0",
      "found_gt": true,
      "peak_logit": 0.8501491546630859,
      "peak_sigmoid": 0.700598418712616,
      "gt_2d_px": [
        244.405517578125,
        395.8581237792969
      ],
      "pred_2d_px": [
        245.0,
        395.625
      ],
      "gt_3d_m": [
        -0.19746725261211395,
        0.3972344398498535,
        1.045426845550537
      ],
      "pred_3d_cam_m": [
        -0.1891373756867941,
        0.3994362880863167,
        1.018522076347152
      ],
      "err_3d_m": 0.028250691870019884
    },
    {
      "name": "panda_link2",
      "found_gt": true,
      "peak_logit": 0.8808068037033081,
      "peak_sigmoid": 0.7069894075393677,
      "gt_2d_px": [
        239.9756317138672,
        272.5516662597656
      ],
      "pred_2d_px": [
        242.5,
        273.75
      ],
      "gt_3d_m": [
        -0.19659696519374847,
        0.07011506706476212,
        0.9831278324127197
      ],
      "pred_3d_cam_m": [
        -0.1964631842061048,
        0.0677790064204129,
        0.9895603273377482
      ],
      "err_3d_m": 0.006844857021680563
    },
    {
      "name": "panda_link3",
      "found_gt": true,
      "peak_logit": 0.6540771722793579,
      "peak_sigmoid": 0.6579286456108093,
      "gt_2d_px": [
        261.5860290527344,
        150.60560607910156
      ],
      "pred_2d_px": [
        261.25,
        150.9375
      ],
      "gt_3d_m": [
        -0.12049271166324615,
        -0.19319593906402588,
        0.8258654475212097
      ],
      "pred_3d_cam_m": [
        -0.11950418527889754,
        -0.20474017754455787,
        0.8493225504044641
      ],
      "err_3d_m": 0.026162612678850172
    },
    {
      "name": "panda_link4",
      "found_gt": true,
      "peak_logit": 0.655656635761261,
      "peak_sigmoid": 0.6582840085029602,
      "gt_2d_px": [
        297.7394714355469,
        163.84841918945312
      ],
      "pred_2d_px": [
        297.5,
        165.0
      ],
      "gt_3d_m": [
        -0.04500681161880493,
        -0.16300427913665771,
        0.8118442893028259
      ],
      "pred_3d_cam_m": [
        -0.04805923668885864,
        -0.17179037178002776,
        0.8244995411809801
      ],
      "err_3d_m": 0.015705671677636042
    },
    {
      "name": "panda_link6",
      "found_gt": true,
      "peak_logit": 0.45584744215011597,
      "peak_sigmoid": 0.6120285987854004,
      "gt_2d_px": [
        502.4665832519531,
        76.31550598144531
      ],
      "pred_2d_px": [
        505.0,
        78.75
      ],
      "gt_3d_m": [
        0.28968581557273865,
        -0.26626890897750854,
        0.6341380476951599
      ],
      "pred_3d_cam_m": [
        0.27952256960973487,
        -0.25490221525337875,
        0.6243874029336063
      ],
      "err_3d_m": 0.018098849907900155
    },
    {
      "name": "panda_link7",
      "found_gt": true,
      "peak_logit": 0.36088427901268005,
      "peak_sigmoid": 0.5892544984817505,
      "gt_2d_px": [
        560.0721435546875,
        93.25409698486328
      ],
      "pred_2d_px": [
        560.0,
        90.0
      ],
      "gt_3d_m": [
        0.3630128800868988,
        -0.22802716493606567,
        0.604059636592865
      ],
      "pred_3d_cam_m": [
        0.3527038393262987,
        -0.2272429653983915,
        0.5840951594921998
      ],
      "err_3d_m": 0.02248269637346881
    },
    {
      "name": "panda_hand",
      "found_gt": true,
      "peak_logit": 0.49950823187828064,
      "peak_sigmoid": 0.6223437190055847,
      "gt_2d_px": [
        525.4955444335938,
        159.67123413085938
      ],
      "pred_2d_px": [
        531.25,
        159.375
      ],
      "gt_3d_m": [
        0.32066622376441956,
        -0.13167166709899902,
        0.6233307719230652
      ],
      "pred_3d_cam_m": [
        0.31986212549608395,
        -0.12589245335318577,
        0.5940196631626864
      ],
      "err_3d_m": 0.029886233993390524
    }
  ]
}