{
    "dataset": "/data/public/NAS/DINObotPose2/Dataset/Converted_dataset/DREAM_to_DREAM/panda-3cam_kinect360",
    "model": "/data/public/NAS/DINObotPose2/Train/outputs/dinov3_base_20260225_032708/best_model.pth",
    "num_frames": 4966,
    "keypoint_metrics": {
        "num_gt_inframe": 34762.0,
        "num_found_gt_inframe": 34762.0,
        "l2_error_mean_px": 4.992630958557129,
        "l2_error_median_px": 3.9366250038146973,
        "l2_error_std_px": 4.772503852844238,
        "l2_error_auc": 0.7614168920085151,
        "l2_error_auc_thresh_px": 20.0
    },
    "pnp_metrics": {
        "num_pnp_found": 4966.0,
        "num_pnp_not_found": 0.0,
        "num_pnp_possible": 4966.0,
        "add_mean": 0.02806055536558101,
        "add_median": 0.01877049351650363,
        "add_std": 0.04331072358757734,
        "add_auc": 0.7617116995569875,
        "add_auc_thresh": 0.1
    }
}