{
    "dataset": "/data/public/NAS/DINObotPose2/Dataset/Converted_dataset/DREAM_to_DREAM/panda-3cam_azure",
    "model": "/data/public/NAS/DINObotPose2/Train/outputs/dinov3_base_20260228_161218/best_model.pth",
    "num_frames": 6396,
    "keypoint_metrics": {
        "num_gt_inframe": 44135.0,
        "num_found_gt_inframe": 44135.0,
        "l2_error_mean_px": 1.0880529880523682,
        "l2_error_median_px": 0.7628694772720337,
        "l2_error_std_px": 0.9705566167831421,
        "l2_error_auc": 0.9450952475359693,
        "l2_error_auc_thresh_px": 20.0,
        "pck@2.5px_percent": 92.92398323326158,
        "pck@5px_percent": 98.9577432876402,
        "pck@10px_percent": 99.98187379630679
    },
    "direct_add_metrics": {
        "num_frames": 6396.0,
        "add_mean": 0.037301024101320586,
        "add_median": 0.01323328042742389,
        "add_std": 0.15040100260294628,
        "add_auc": 0.7710887585991244,
        "add_auc_thresh": 0.1,
        "per_kp_mean": 0.033244086134547636,
        "per_kp_median": 0.01164598521988732
    },
    "pnp_metrics": {
        "num_pnp_found": 0.0,
        "num_pnp_not_found": 6396.0,
        "num_pnp_possible": 6396.0,
        "add_mean": NaN,
        "add_median": NaN,
        "add_std": NaN,
        "add_auc": 0.0,
        "add_auc_thresh": 0.1
    }
}