{
    "dataset": "/data/public/NAS/DINObotPose2/Dataset/Converted_dataset/DREAM_to_DREAM/panda-3cam_azure",
    "model": "/data/public/NAS/DINObotPose2/Train/outputs/dinov3_base_20260225_015412/best_model.pth",
    "num_frames": 6394,
    "keypoint_metrics": {
        "num_gt_inframe": 44121.0,
        "num_found_gt_inframe": 44121.0,
        "l2_error_mean_px": 0.8403906226158142,
        "l2_error_median_px": 0.6385577917098999,
        "l2_error_std_px": 0.6654602289199829,
        "l2_error_auc": 0.957485126130414,
        "l2_error_auc_thresh_px": 20.0
    },
    "pnp_metrics": {
        "num_pnp_found": 6394.0,
        "num_pnp_not_found": 0.0,
        "num_pnp_possible": 6394.0,
        "add_mean": 0.01379236724403301,
        "add_median": 0.002866774989997847,
        "add_std": 0.07500820141271759,
        "add_auc": 0.9343114795120427,
        "add_auc_thresh": 0.1
    }
}