{
    "dataset": "/data/public/NAS/DINObotPose2/Dataset/Converted_dataset/DREAM_to_DREAM/panda-3cam_azure",
    "model": "/data/public/NAS/DINObotPose2/Train/outputs/dinov3_base_20260228_013413/epoch_9.pth",
    "num_frames": 6396,
    "keypoint_metrics": {
        "num_gt_inframe": 44135.0,
        "num_found_gt_inframe": 44135.0,
        "l2_error_mean_px": 4.405189037322998,
        "l2_error_median_px": 3.552438497543335,
        "l2_error_std_px": 9.034147262573242,
        "l2_error_auc": 0.8043233091650619,
        "l2_error_auc_thresh_px": 20.0,
        "pck@2.5px_percent": 30.263962841282428,
        "pck@5px_percent": 78.379970544919,
        "pck@10px_percent": 96.67157584683358
    },
    "direct_add_metrics": {
        "num_frames": 6396.0,
        "add_mean": 0.8845473878034712,
        "add_median": 0.685698235810405,
        "add_std": 1.4376074379216075,
        "add_auc": 0.0,
        "add_auc_thresh": 0.1,
        "per_kp_mean": 0.8845473878034712,
        "per_kp_median": 0.6719033449737906
    },
    "pnp_metrics": {
        "num_pnp_found": 0.0,
        "num_pnp_not_found": 6396.0,
        "num_pnp_possible": 6396.0,
        "add_mean": NaN,
        "add_median": NaN,
        "add_std": NaN,
        "add_auc": 0.0,
        "add_auc_thresh": 0.1
    }
}