{
    "dataset": "/data/public/NAS/DINObotPose2/Dataset/Converted_dataset/DREAM_to_DREAM/panda-3cam_azure",
    "model": "/data/public/NAS/DINObotPose2/Train/outputs/dinov3_base_20260226_112034/best_model.pth",
    "num_frames": 6394,
    "keypoint_metrics": {
        "num_gt_inframe": 44121.0,
        "num_found_gt_inframe": 44121.0,
        "l2_error_mean_px": 4.6365065574646,
        "l2_error_median_px": 3.577446460723877,
        "l2_error_std_px": 8.345296859741211,
        "l2_error_auc": 0.7896571190589515,
        "l2_error_auc_thresh_px": 20.0
    },
    "direct_add_metrics": {
        "num_frames": 6394.0,
        "add_mean": 0.24857692420482635,
        "add_median": 0.2459074854850769,
        "add_std": 0.04455699771642685,
        "add_auc": 0.0,
        "add_auc_thresh": 0.1,
        "per_kp_mean": 0.24857693308857584,
        "per_kp_median": 0.22650067508220673
    },
    "pnp_metrics": {
        "num_pnp_found": 6394.0,
        "num_pnp_not_found": 0.0,
        "num_pnp_possible": 6394.0,
        "add_mean": 0.04252707703942531,
        "add_median": 0.017691573119095264,
        "add_std": 0.08981899762365479,
        "add_auc": 0.7383199014701283,
        "add_auc_thresh": 0.1
    }
}